File Name,Abstract
paper_30_abstract.txt,current trend indicates energy demand supply eventually controlled autonomous soft ware optimizes decision making energy distribution operation new state art machine learning ml technology integral optimizing decision making energy distribution network system study conducted data driven probabilistic ml technique real time application smart energy system network highlight urgency area research study focused two key area use ml core energy technology ii use case ml energy distribution utility core energy technology include use ml advanced energy material energy system storage device energy efficiency smart energy material manufacturing smart grid paradigm strategic energy planning inte gration renewable energy big data analytics smart grid environment investigated ml area energy distribution system includes energy consumption price forecasting merit order energy price forecasting consumer lifetime value cybersecurity topic power delivery utilization grid edge system distributed energy resource power transmission distribution system also briefly studied primary goal work identify common issue useful future study ml smooth energy distribution operation study concluded many energy perspective significant opportunity challenge noted smart ml automation used targeting energy system utility sector energy industry could potentially save 237 billion 813 billion
paper_65_abstract.txt,b urn fourth common destructive trauma worldwide prevalent military civilian population 1 2 healing burn wound requires substitution inactivated tissue delicate complex process wound repair process 3 4 furthermore burn injury highly vulnerable invasive microbial infection complete epithelialization pseudomonas aeruginosa pa staphylococcus aureus sa infection 1 2 5 wound prevalent microbial infection seriously affect process wound healing inflammation resolution epidermal maturation neovascularization 2 severe infection even cause compli cation sepsis life threatening 6 7 therefore require immediate prevent complication 2 antimicrobial process healing burn wound lengthy arduous one although many kind different wound dressing susceptible burn wound treatment developed burn recent year obvious healing promoting effect excellent antibacterial ability prevent burn wound infection cannot cope infected burn wound 8 14 therefore developing ideal dressing effectively deal infected burn wound remains challenge tobramycin tob treat various bacterial infection clinically mainly serious infection caused sensitive bacteria especially due gram negative bacteria june 7 2022
paper_37_abstract.txt,renewable energy key element sustainable environmentally friendly cost effective electricity generation official report international energy agency iea state demand fossil fuel usage generate electricity started decrease since year 2019 along rise usage supply global energy demand research technology continuously growing order enhance performance generation especially term energy conversion efficiency aim review paper stand study current technology solar energy hydro energy wind energy bioenergy geothermal energy hydrogen energy several hybrid technology also studied compared improve overall performance generating electricity lastly suggestion provided purpose solve overcome challenge limitation technology term economy technical energy conversion efficiency
paper_62_abstract.txt,electrochemical c n coupling reaction based abundant small molecule co2 n2 attracted increasing attention new green synthetic strategy synthesis organonitrogen compound widely used organic synthesis material chemistry biochemistry traditional technology employed synthesis organonitrogen compound containing c n bond often requires addition metal reagent oxidant harsh condition high energy consumption environmental concern contrast electrosynthesis avoids use redu cing agent oxidant utilizing electron cleanest reagent reduce generation product consistent atomic economy green chemistry study present comprehensive review electrosynthesis high value added organonitrogens nh3 etc via c n coupling abundant co2 nitrogenous small molecule n2 no2 reaction associated fundamental concept theoretical model emerging electrocatalysts value added target product together current challenge future opportunity dis no3 cussed critical review greatly increase understanding electrochemical c n coupling reaction thus attract research interest fixation carbon nitrogen
paper_22_abstract.txt,combustion green fuel hydrogen energy carrier renewable energy rising concern dependence modern energy system fossil fuel raised requirement green alternate fuel pave roadmap sustainable energy future carbon free economy massive expectation hydrogen enabler decarbonization energy sector limited lack required infrastructure whose implementation affected issue related storage distribution mature infrastructure long distance transportation distribution possi bility green ammonia production renewable energy source made suitable green alternate fuel decarbonization automotive power generation sector work engine characteristic ammonia combustion spark ignition engine reported detailed note engine fuelled pure ammonia well blend ammonia gasoline hydrogen methane higher auto ignition temperature low ﬂammability lower ﬂame speed ammonia detrimental effect engine characteristic could addressed either incorporating engine modiﬁcations enhancing fuel quality literature show increase compression ratio 9 4 1 11 5 1 improved maximum power 59 addition 10 hydrogen supercharged condition improved indicated efﬁciency 37 challenge strategy utilization ammonia combustible fuel en gines discussed considering need technical advancement well social acceptance energy efﬁciency green ammonia production also discussed due note technique direct synthesis ammonia air water
paper_77_abstract.txt,zinc alkaline anode command signiﬁcant share consumer battery market key technology emerging grid scale battery market improved understanding electrode required long cycle deployment kwh mwh scale due strict requirement performance cost safety give modern literature survey zinc alkaline anode levelized performance metric also present experimental assessment leading formulation long cycle material characterization performance metric failure analysis reported 25 unique anode formulation 1500 cycle 1 5 year shelf life per test statistical repeatability measurement made baseline design fewest additive via 15 duplicate baseline design capacity density 38 mah per ml anode volume lifetime throughput 72 ah per ml anode volume report identical measurement anode improved material property via additive perturbation achieve capacity density 192 mah per ml anode volume lifetime throughput 190 ah per ml anode volume novel operando x ray microscopy cycling zinc paste anode reveals formation nanoscale zinc material cycle electrochemically replaces original anode structure long cycle life ex situ elemental mapping material characterization suggest key physical process hydrogen evolution reaction growth zinc oxide nanoscale material concentration deﬁcits oh znoh4 2 electrodeposition zn growth outside separator membrane
paper_25_abstract.txt,adsorption effective promising approach removing pollutant wastewater many haz ardous color unintentionally released water negative impact environment popular textile dye malachite green mg thus work environmentally acceptable inorganic organic ag metal organic framework based technique remove color industrial water developed ag mof sorbent analyzed first section work using sem xps xrd ft ir phpzc bet confirmed ag mof bet surface area 676 m2 g significant surface area later stage sorption property dye examined along effect ph sorbent dosage temper ature ionic strength sorption isotherm uptake kinetics examined opposed kinetic profile isotherm profile well fit langmuir equation modeled pseudo second order rate equation outcome demonstrated mg mostly adsorbed onto ag mof adsorbent electrostatic attraction force hydrogen bonding ion exchange pore filling 2 25 mmol g found greatest adsorption effectiveness mg onto ag mof adsorbent e 809 71 mg g adsorbent dosage solution ph temperature time four adsorption process parameter tuned using box behnken design bbd response surface methodology rsm δh mg dye endothermically spontaneously extracted using ag mof adsorbent according specification five cycle adsorption desorption synthesised ag mof adsorbent demonstrates exceptional render ability cyclability produced adsorbent efficacy purifying wastewater sample laboratory scale assessed proof concept study mechanism interaction ag mof mg could take place π π interaction pore filling h bonding electrostatic interaction mesoporous ag mof adsorbent offered simple effective way handle water filtering industrial wastewater man agement according research work first explain remove mg dye wastewater sample using ag mof adsorbent δg δs
paper_70_abstract.txt,grid scale system be promising solve multiple problem future power system due limited lifespan high cost be cost beneﬁt trade battery effort operational performance thus develop battery degradation model accurately represent battery degra dation related cost battery operation cycling linearization method proposed transform devel oped battery degradation model mixed integer linear programming milp optimization problem battery degradation model incorporated hybrid determinis tic stochastic look ahead rolling optimization model wind be bidding operation real time electricity market simulation result show developed battery
paper_13_abstract.txt,government worldwide prioritized carbon reduction neutrality address escalating threat climate change goal line united nation sustainable development goal unsdg 13 goal stress taking action climate change lessen bad effect human activity using fossil fuel energy end present study investigates connection conventional energy usage agricultural practice economic growth impact environmental sustainability south africa additionally explores role renewable energy consumption environmental technological innovation mitigating effect achieve study objective carbon income function fitted annual frequency data 1975 2020 present study leverage pesaran autoregressive distributed lag ardl method robustness analysis dynamic ardl simulation method simultaneously explore short long run coefficient study outlined variable empirical analysis confirmed bound testing cointegration reveals long term equilibrium relationship among variable considered notably eco nomic growth fossil fuel energy consumption agricultural activity adverse effect environmental sustainability south africa indicating trade economic growth environmental quality dy namic ardl simulation provide evidence environmental kuznets curve ekc phenomenon however renewable energy consumption environmental technological innovation positively influence environmental quality finding highlight imperative south africa stakeholder adopt green growth policy transition cleaner energy alternative
paper_46_abstract.txt,nano single atom catalysis open new possibility producing green hydrogen h2 water electrolysis however hydrogen evolution reaction occurs characteristic reaction rate proportional potential fast generation h2 nanobubbles atomic scale interface often lead blockage active site herein nanoscale grade separation strategy proposed tackle mass transport problem utilizing ordered three dimensional 3d interconnected sub 5 nm pore result reveal 3d criss crossing mesopores grade separation allow efficient diffusion h2 bubble along interconnected channel support ultrafine ruthenium ru 3d mesopores superior level two dimensional system maximizing catalyst performance obtained ru catalyst outperforms catalyst work provides potential route fine tuning nanometer mass transport water electrolysis
paper_14_abstract.txt,paper provide comprehensive overview state art hybrid pv collector wider system within implemented ass worldwide energy carbon mitigation potential system cover experimental computational study identify opportunity performance enhancement pathway collector innovation implication wider deployment solar generation system level first classify review main type pv collector including air based liquid based dual air water heat pipe building integrated concentrated pv collector followed presentation performance enhancement opportunity pathway collector innovation address state art design modification next generation pv cell technology selective coating spectral splitting nanofluids beyond address wider pv system application comprising thorough review solar combined heat power chp solar cooling solar combined cooling heat power cchp solar desalination solar drying solar hydrogen production system includes specific review potential performance cost improvement opportunity solar generation system level thermal energy storage control demand side management subsequently set promising pv system assessed analyse carbon mitigation potential technology might fit within pathway global decarbonization estimated remap baseline emission curve reduced 16 2030 uptake solar pv technology promoted finally review turn critical examination key challenge adoption pv technology recommendation
paper_41_abstract.txt,electrical energy storage ee exploiting secondary battery technology ideal large scale energy storage need due rapid growth proliferation renewable energy source emerging market grid scale battery application sodium ion battery sib sustainable ee option alternative lithium ion battery libs attracted intensive interest past decade natural abundance evenly geographical distributed na source signiﬁcantly low cost environmental benignity polyanionic compound offer appealing combination rich structural di versity superior ionic conductivity high structural thermal stability convenient storage handling making competitive attractive candidate electrode material next generation energy storage system review recent advancement made regarding polyanion type electrode used sib summarized elaborating intrinsic structural characteristic electrochemical property corresponding sodium storage mechanism furthermore highlight recent achievement lab scale na ion full cell prototype consist polyanion type compound one working electrode last least challenge outlook optimization structure electrochemical performance polyanion type electrode material sib also presented provide insight facilitate practical realization sodium ion technology
paper_9_abstract.txt,using high resolution planning model great britain power system 25 year simulated wind pv generation data study compare different method reduce time resolution energy model increase computational tractability downsampling clustering heuristic com paring model result term cost installed capacity across different method study show best method depends heavily input data setup model constraint implies one size ﬁts approach problem time step reduction heuristic approach appear promising addition 25 year time series demonstrate considerable inter year variability wind pv power output complicates problem time detail energy model suggests long time series necessary model result high share pv wind generation using single year data likely unreliable better modeling planning method required determine robust scenario high share variable renewables method implemented freely available open source modeling framework calliope
paper_54_abstract.txt,document design testing grid scale battery energy storage system be employing virtual synchronous generator vsg control grid forming scheme be rated 60 mwh 50 mw simulation conducted using matlab simulink simscape software pro tection function associated protection relay needed achieve functionality presented approach adopted apply relevant standard grid code associated transmission system operator tso internationally however local grid code context south africa used system designed compliant document grid connection code battery energy storage facility besf connected electricity transmission system t distribution system d south africa classified category c defined document system able adjust active reactive power output accordingly response load reduction condition network furthermore local fault condition able ride transient fault trip disconnect permanent fault two case be protection functionality serf primary protection system also able trip disconnect remote permanent fault associated protection functionality utilised back protection
paper_53_abstract.txt,electricity supply european country face number challenge achieving carbon neutrality tackling rising price reducing dependence fossil fuel including fossil fuel im port achieve goal electricity system european country un dergo major change taking account technical environmental economic social objective simulation provide essential data transition analyzing different power plant portfolio electricity consumption scenario analysis focus cooperation nuclear power weather dependent renewables possible role battery based electricity storage play hungarian electricity system paper present experience gained setting electricity market model result running model electricity system hungary six neighboring country slovakia romania serbia croatia slovenia austria taking account constraint cross border capacity result sensitivity analysis 2030 power plant portfolio battery capacity renewables analyzed paper cover hungary import export position energy source structure electricity generation battery opera tion co2 emission electricity generation expected price system utilization parameter nuclear power plant
paper_71_abstract.txt,powered renewable energy source solar marine geothermal wind generation storable hydrogen fuel water electrolysis provides promising path towards energy sustainability however state art electrolysis requires support associated process desalination water source purification desalinated water transportation water often contribute financial energy cost one strategy avoid operation develop electrolysers capable operating impure water feed directly review recent development electrode material catalyst water electrolysis using low grade saline water significantly abundant resource worldwide compared potable water address associated challenge design electrolysers discus future potential approach may yield highly active selective material water electrolysis presence common impurity metal ion chloride bio organism
paper_24_abstract.txt,although photocatalytic nitrogen reduction reaction pnrr green ammonia synthesis technology still encounter low adsorption activation efficiency n2 lack reaction active site element doping efficient strategy regulate electronic structure catalyst nevertheless mechanism effect doping element n2 adsorption activation reaction active site energy barrier well unraveled taking co doped bi2moo6 co bi2moo6 model photocatalyst density functional theory dft experiment study used investigate mechanism co doping pnrr performance bi2moo6 dft result reveal co doping regulates electronic structure activates bi site co bi2moo6 provides new co active site thus constructing dual active site pnrr benefited dual active site effectively adsorption activation n2 fabricated 3 co bi2moo6 exhibit maximum nh3 generation rate 95 5 1 without sacrificial agent 7 2 time bi2moo6 furthermore detail mechanism μmol g n n bond adsorption activation hydrogenation reaction co bi2moo6 also proposed according situ ftir dft result study provides promising strategy design catalyst dual active site pnrr great significance popularization material system
paper_76_abstract.txt,study delf power system ﬂexibility keen focus integration variable renewable electricity generation power grid two scenario analyzed base scenario revealed aging grid insufﬁcient generation capacity frequent outage little renewable energy generation 1 9 along signiﬁcant 71 23 loss load contrast investment scenario presented solution including raising vre capacity 44 adding 1000 mw capacity transmission line installing 200 mw capacity grid scale battery storage technological enhancement intervention effectively eliminated loss load reinforcing energy resilience investment ccgpp grid scale battery proved instrumental mitigating variability renewable energy improved transmission promised efﬁcient power exchange regional collaboration elimination annualized energy spill removal ramping constraint marked signiﬁcant stride enhancing power system ﬂexibility research underscore pivotal role grid ﬂexibility accommodating vre source implementing proposed optimal solution afghanistan lead way toward cleaner resilient interconnected energy future ﬁndings offer replicable framework addressing similar challenge integrating renewable energy source globally supporting transition sustainable reliable energy
paper_23_abstract.txt,research introduces stochastic scheduling approach incorporates risk constraint energy hub eh considering uncertainty related renewable generation load demand proposed method utilizes conditional value risk cvar technique ass quantify risk striking balance reducing operational emission cost increasing risk aversion approach present trade eh comprises various component wind turbine wt photovoltaic pv cell fuel cell power plant fcpp combined heat power generation unit chp plug electric vehicle pevs uncertain variable encompass factor wind speed solar irradiation different demand market price optimize profit enhance consumption curve demand response program drps electrical thermal cooling demand implemented address uncertainty associated input random variable efficient k mean data clustering method employed new slime mold algorithm based coughing chaos theory proposed enhance problem solution algorithm incorporates innovative operator improve capability utilizing coughing mechanism chaos theory algorithm explores solution space effectively resulting improved outcome problem hand result demonstrate significant flexibility eh management extensively discussed simulation result indicate inte grating pevs fcpp drps lead reduction 2 7 11 eh operating cost respectively furthermore considering pevs fcpp drps improve eh risk cost 1 98 6 7 10 5 respectively based numerical result case 4 led remarkable 12 65 reduction operational cost simultaneously achieving 15 43 decrease emission cost showcasing effec tiveness proposed approach optimizing energy management energy hub system
paper_63_abstract.txt,australia one leading country energy transition largest power system intended securely operate 75 variable renewable generation 2025 high inertia synchronous condenser battery energy storage system grid forming converter technology supporting transformation facilitating secure operation grid synchronous condenser enabled 2500 mw solar wind generation state south australia reaching minimum operational demand 100 mw grid scale battery energy storage system demonstrated market beneﬁts cutting cost consumer also essential grid service contingency fast frequency response synthetic inertia high fault current grid supporting capability provided new development strengthen grid facilitating integration new renewable energy hub manuscript provides comprehensive overview based australian experience power system overcoming expected challenge continuing integrate secure low cost clean energy
paper_36_abstract.txt,electrochemical water electrolysis prominent method green hydrogen fuel production tailored nano structure pt based electrocatalysts high priority hydrogen production herein fabricated carbon encapsulated pt core shell supported como2s4 ngnf efficient electrocatalyst hydrogen evolution reaction novel carbon encapsulated pt core shell improved long term durability pt co 2 1 0 mo2s4 ngnf hybrid displayed overpotentials 27 mv achieve current density 10 cm koh outstanding durability 100 h pt como2s4 ngnf iro2 employed overall seawater 2 current density additionally evaluated electrolysis application required 1 54 v achieve 10 cm electronic structure mechanism pt como2s4 como2s4 using density functional theory dft calculation work illustrates possibility designing effective long lasting scalable electro catalyst electrolysis alkaline seawater produce pure hydrogen
paper_64_abstract.txt,arguably one important issue world facing currently climate change current rate fossil fuel consumption world heading towards extreme level global temperature rise immediate action taken transforming current energy system one largely based fossil fuel carbon neutral one requires unprecedented speed based current state development direct electriﬁcation future energy system alone technically challenging enough especially hard abate sector like heavy industry road trucking international shipping aviation leaf considerable demand alternative carbon neutral fuel green ammonia hydrogen renewable methanol perspective discus overarching role fuel reaching net zero emission within next three decade challenge future direction associated fuel conclude current perspective paper
paper_31_abstract.txt,renewable energy source re based electrical power plant widely considered green clean due contribution decarbonizing energy sector apparent res produce carbon dioxide however significant negative impact environment still found cannot ignored paper environmental impact re based power plant analyzed comprehensive review considering solar thermal solar photovoltaic wind biomass geothermal hydroelectric tidal ocean current oceanic wave ocean thermal osmotic effect solar thermal power well known concentrated solar power strength weakness opportunity threat swot analysis carried discussed re based power plant comparative swot analysis solar photovoltaic concentrated solar power plant presented comparative environmental impact analysis existing re based power plant tabulated various attribute attribute include limited human health noise pollution greenhouse gas emission ozone layer depletion toxification flooding impact inhabitant eutrophication dried river deforestation based analysis found careful selection re electrical power plant necessary improper utilization re could harmful environment
paper_8_abstract.txt,italy promoted one generous renewable support scheme worldwide resulted high increase solar power generation analyze italian day ahead wholesale electricity market ﬁnding empirical evidence merit order effect period 2005 2013 increase 1 gwh hourly average daily production solar wind source average reduced wholesale electricity price respectively 2 3 mwh 4 2 mwh ampliﬁed volatility impact price decreased time correspondence increase solar wind electricity production estimate period 2009 2013 solar production generated higher monetary saving wind production mainly former prominent latter however solar case monetary saving sufﬁcient compensate cost related supporting scheme entirely internalized within end user tariff causing reduction consumer surplus opposite occurs case wind 1
paper_52_abstract.txt,accurate reliable wind power forecasting e sential power system operation given signiﬁcant uncertainty involved wind generation probabilistic interval forecasting provides unique solution estimate quantify potential impact risk facing system operation wind penetration beforehand paper proposes novel hybrid intelligent algo rithm approach directly formulate optimal prediction interval wind power generation based extreme learning machine particle swarm optimization prediction interval associated conﬁdence level generated direct optimization coverage probability sharpness ensure quality proposed method involve statistical inference distribution assumption forecasting error needed existing method case study using real wind farm data australia conducted comparing benchmark applied experimental result demonstrate high efﬁciency reliability developed approach therefore convinced proposed method provides new generalized framework probabilistic wind power forecasting high reliability ﬂexibility high potential practical application power system
paper_55_abstract.txt,world continues enact progressive climate change target renewable energy solution needed achieve goal one solution large scale lithium ion battery lib energy storage system forefront ensur ing solar wind generated power delivered grid need however perceived hazard libs due recent event united state australia pose risk future success battery energy storage sys tem be multilayered approach safety thermal runaway fire explosion hazard mitigated successful implementation approach requires cooperation collaboration education across stakeholder group break preconceived notion much learned recent be fire explosion event inform safer design operation event contributing factor share many commonality historic loss hydro carbon industry fire process safety engineer traditionally worked hydrocarbon industry immense value be industry
paper_40_abstract.txt,extract maximum power solar pv maximum power point tracking mppt controller needed operate pv array maximum power point varying environmental condition fractional open circuit voltage focv simple cost effective easy implement mppt technique however suffers discontinuous power supply low tracking efficiency overcome drawback new hybrid mppt technique based genetic algorithm ga focv proposed proposed technique based single decision variable reducing complexity convergence time algorithm matlab simulink used test robustness proposed technique uniform non uniform irradiance condition performance compared perturb observe incremental conductance hybrid mppt technique furthermore efficacy proposed technique also assessed commercial pv system power output one day result demonstrate proposed ga focv technique improves efficiency conventional focv method almost 3 exhibiting average tracking efficiency 99 96 tracking speed around 0 07 minimal steady state oscillation additionally proposed technique also efficiently track global mpp partial shading condition offer faster tracking speed higher efficiency fewer oscillation hybrid mppt technique
paper_15_abstract.txt,gas network reduces gas volume supplied terminal order investigate concept hydrogen electrolysers included tech nology option within operational optimisation model great britain gb combined hydrogen electrolysis gas electricity network cgen model used determine minimum cost combined gas electricity meeting electricity gas demand typical low high electricity demand day network gb presence signiﬁcant capacity wind generation value employing power gas system gas electricity supply system investigated given different allowable level hydrogen injection result showed producing hydrogen electricity capable reducing wind curtailment high wind case decreasing overall cost operating gb gas electricity network northern part gb identiﬁed suitable region develop hydrogen electrolysis injection facility due vicinity signiﬁcant capacity wind generation well ex istence gas network headroom capacity expected increase result depletion uk domestic gas resource
paper_47_abstract.txt,grid scale battery energy storage system be vulnerable false data injection attack fdias could used disrupt state charge soc estimation inaccurate soc estimation negative impact system availability reliability safety cost operation article combination cumulative sum cusum algorithm improved input noise aware extended kalman ﬁlter inaekf proposed detection identiﬁcation fdias voltage current sensor battery stack series connected stack represented equivalent circuit model soc modeled charge reservoir model state estimated using inaekf root mean squared error state estimation modiﬁed inaekf found superior traditional ekf
paper_12_abstract.txt,paper contributes understanding transformation global energy trade green energy carrier focusing green ammonia foreseeable first green hydrogen carrier provide comprehensive view today ammonia trade ass scaling option trade green ammonia aim develop optimization model integrated assessment green ammonia value chain cover step green ammonia production exporting country delivery harbor importing country model endogenously chooses among different technology option determines cost minimal operation case study apply model large scale import ammonia australia germany scenario 2030 result show green ammonia reach cost parity gray ammonia even moderate gas price necessarily blue ammonia co2 price high enough also provide sensitivity analysis respect interest rate key technical economic parameter show cracking ammonia provide pure hydrogen come 45 cost markup per mwh destination
paper_18_abstract.txt,water splitting low cost electrocatalyst
paper_5_abstract.txt,green hydrogen suitable grid scale energy storage increase penetration renewable energy also alternative fossil fuel however still suffers storage problem owing low volumetric energy density embrittlement low boiling point improve safety reduce cost green ammonia proposed substitute hydrogen attracted considerable attention study multi generation system proposed compare green hydrogen green ammonia energy carrier four sce narios discussed performance different energy carrier constant time use electricity price grid grid operation compared optimal planning system formulated mixed integer linear programming problem evaluated using supply demand profile hourly year objective maximize profitability reflected cumulative cash position payback period result revealed hydrogen based system superior ammonia based system hydrogen based scenario cumulative cash position 83 43 musd payback period 14 year cumulative cash position payback period 12 78 musd 22 year respectively ammonia based scenario improve profitability recommended increase capacity hydrogen ammonia production reduce capacity backup power generation
paper_2_abstract.txt,solar desalination emerged sustainable solution addressing global water scarcity energy water nexus particularly remote area developing country use light spectrum solar device profoundly affect solar energy utilization desalination rate grid applicability water affordability solar photovoltaic pv solar thermal st respectively enabled variety interesting solar desalination technology resulting application usually limit integration solar desalination either electrically thermally connected review paper explores smart co us heat electricity sun improve efficiency productivity independence various solar desalination process found coupling solar photovoltaic thermal pvt desalination could practical immediately deployable route plausibly sustainable solar desalination current solution combined electrical thermal energy output pvt panel could used synergistically catalyze improvement solar energy efficiency specific energy consumption specific water production well operational inde pendence grid application preliminary analysis indicated 20 lower cost pvt desalination current solar pv desalination st desalination also challenge discussed
paper_58_abstract.txt,synthesis green ammonia nh3 via electrolysis nitric oxide extraordinarily sustainable multielectron proton involved hydrogena tion step well low concentration lead poor activity selectivity electrocatalysts herein reported oxygen defective tio2 nanoarray supported ti plate tio2 x tp behaves efficient cata lyst reduction nh3 0 2 phosphate buffered electrolyte tio2 x tp show competitive electrocatalytic nh3 synthesis activity maximum nh3 yield 1233 2 µg h 1 cm 2 faradaic efficiency 92 5 density functional theory calculation thermodynamically faster deoxygenation protonation process tio2 x 101 compared perfect tio2 101 low energy barrier 0 7 ev tio2 x 101 potential determining step highlight greatly improved intrinsic activity addition zn battery fabricated tio2 x tp zn plate obtain nh3 yield 241 7 µg h 1 cm 2 providing peak power density 0 84 mw cm 2
paper_69_abstract.txt,appropriate catalyst accelerate reaction rate effectively boost efficient conversion various molecule great importance study chemistry chemical industry energy material environmental science therefore efficient environmentally friendly easy operate synthesis method used prepare various type catalyst although previous study reported synthesis characterization aforementioned catalyst still remain trial error method without depth consideration improvement traditional synthesis method comprehensively summarize compare preparation method trial error synthesis strategy structure activity relationship density functional theory dft guided catalyst rational design nanomaterials atomically dispersed catalyst also discus detail utilization nanomaterials single atom catalyst converting small molecule h2o o2 co2 n2 etc value added product driven electrocatalysis photocatalysis thermocatalysis finally challenge outlook mass preparation production efficient green catalyst conventional trial error synthesis dft theory featured accordance current development
paper_29_abstract.txt,transition conventional energy clean energy ultimate strategy reduce global co2 emission regard climate technology climate tech pave way toward achieving capability required promote alternative energy energy saving addition environmental regu lations support technological upgrading energy transition emission reduction promote sus tainable development view study investigates impact climate technology climate tech energy transition co2 emission european union eu member country examine role environmental regulation relationship climate tech energy transition co2 emission empirical analysis conducted based international panel data 26 eu country ranging 1994 2019 common correlated effect mean group cce mg method employed estimate coefﬁcients variable outcome analysis indicate climate tech energy transition mitigate environmental degradation reducing carbon emission additionally environmental regulation found effective monitoring controlling tool signiﬁcantly reduce co2 emission moreover economic growth urbaniza tion control variable contribute increasing co2 emission thus negatively affecting environmental sustainability causal analysis demonstrates decision making trend related climate tech energy transition environmental regulation inﬂuence co2 emission conversely strategy cop ing co2 emission climate change affect energy transition environmental regulation light analytical ﬁndings paper proposes eu country vigorously develop climate related green technology actively promote energy transition process along implementation environmental regulation sustainable development
paper_3_abstract.txt,wind turbine play crucial role renewable energy generation system frequently exposed challenging operational environment monitoring diagnosing potential fault operation essential improving reliability reducing maintenance cost supervised learning using data driven technique particularly deep learning oﬀers viable approach developing fault diagnosis model however signiﬁcant challenge practical wind power equipment lie scarcity annotated sample required train model eﬀectively paper proposes semi supervised fault diagnosis approach speciﬁcally designed wind turbine aiming address challenge initially semi supervised deep neural network constructed using adversarial learning limited set annotated sample used conjunction vast amount unannotated sample health status feature present unannotated sample leveraged capture generalized representation underlying feature subsequently metric learning guided discriminative feature enhancement technique employed improve separability diﬀerent manifold thereby enhancing performance semi supervised training process employing methodology becomes possible develop fault diagnosis model superior accuracy using limited amount annotated sample comprehensive fault diagnosis experiment conducted wind turbine fault dataset revealing eﬃcacy superiority presented methodology 1
paper_4_abstract.txt,renewable energy system proving promising environment friendly source electricity generation particularly country inadequate fossil fuel resource recent year wind solar photovoltaic pv biomass based system drawing attention provide electricity isolated energy deﬁcient region paper present hybrid pv wind generation system along biomass storage fulﬁll electrical load demand small area optimal sizing com ponents recently introduced swarm based artiﬁcial bee colony abc algorithm applied verify strength proposed technique result compared result obtained standard software tool hybrid optimization model electric renewable homer particle swarm optimiza tion pso algorithm veriﬁed result abc algorithm good convergence property ability provide good quality result critical case failure source behavior proposed system observed evident result proposed scheme able manage smooth power ﬂow optimal conﬁguration
paper_59_abstract.txt,cell state charge soc balancing within battery energy storage system be key optimizing capacity utilization be many cell soc balancing strategy proposed however control complexity slow soc convergence remain key issue paper present two strategy achieve soc balancing among cell main balancing strategy mb using cascaded hybrid modular multi level converter chmmc supplementary balancing strategy sb using cascaded parallel modular dual l bridge cpmdlb control monitoring individual cell reduction component count loss be achieved integrating individual cell l bridge instead h bridge simulation result demonstrate satisfactory performance proposed soc balancing strategy result soc balancing convergence point cell module achieved 1000 min cell prioritized mb chmmc work without sb cpmdlb 216 7 min cpmbs chmmc work together sb cpmdlb duration required reduces 78 33 similarly substantial improvement soc balancing convergence point cell module achieved module prioritized mb chmmc work together sb cpmdlb duration needed reach soc balancing convergence point cell module achieved 333 3 183 3 min
paper_19_abstract.txt,green ammonia hydrogen derivates techno economic analysis production cost transport cost green energy commodity expected central decarbonising global energy system green energy commodity could hydrogen hydrogen based en ergy commodity produced renewable energy source re solar wind energy quantify production cost potential hydrogen hydrogen based energy commodity ammonia methane methanol gasoline diesel kerosene 113 based maritime transport determine production cost optimising invest ment operation commodity production dedicated re based country level re potential country speciﬁc weighted average cost capital analysing geographic distribution production supply cost ﬁnd production cost dominate supply cost composition liquid easily liqueﬁable commodity transport cost dominate gaseous commodity case germany importing green ammonia could cost efﬁcient domestic production locally pro duced imported hydrogen green ammonia could supplied germany many region worldwide cost domestic production cost ranging 624 874 nh3 norway cheapest supplier ammonia production using imported hydrogen spain could cost effective pan european hydrogen pipeline grid based repurposed natural gas pipeline exists
paper_28_abstract.txt,environmental innovation integral part sustainable development goal sdg 9 also provides foundation green energy production thus indirectly support accomplishment sdg 7 notably energy transition fossil fuel renewables critical achieving sustainable develop ment cleaner environment therefore study explores major driving force environmental innovation 29 oecd country 1993 2019 incorporating environmental taxation carbon pricing policy budget renewable energy development demonstration regional authority ﬁnan cial development globalization recently proposed quantile via movement methodology employed address spiral dependence explanatory variable obtain result different quan tile ﬁndings quantile via movement reveal enhancing environmental taxation strengthening carbon pricing policy encourage environmental innovation moreover country decentralize policymaking delegate authority region alongside policymaking encouraging private sector budget renewable energy development demonstration neces sary stringent policy regulation regional level enhance innovation domestic indus try concerning development adoption commercial competitiveness environment friendly technology furthermore ﬁnancial sector development enhances environmental innovation globalization need properly regulated
paper_68_abstract.txt,appropriate catalyst accelerate reaction rate effectively boost efficient conversion various molecule great importance study chemistry chemical industry energy material environmental science therefore efficient environmentally friendly easy operate synthesis method used prepare various type catalyst although previous study reported synthesis characterization aforementioned catalyst still remain trial error method without depth consideration improvement traditional synthesis method comprehensively summarize compare preparation method trial error synthesis strategy structure activity relationship density functional theory dft guided catalyst rational design nanomaterials atomically dispersed catalyst also discus detail utilization nanomaterials single atom catalyst converting small molecule h2o o2 co2 n2 etc value added product driven electrocatalysis photocatalysis thermocatalysis finally challenge outlook mass preparation production efficient green catalyst conventional trial error synthesis dft theory featured accordance current development
paper_6_abstract.txt,one essential factor current study effectively harvesting maximum power extraction mpe photovoltaic pv panel primary difficulty extracting solar power occurrence partial shading cause panel significantly increase power loss mainly occur due partially shaded solar pv array kept certain critical condition obtaining maximum output power many researcher suggested connecting bypass diode anti parallel pv module hotspot module avoided technique proposed bayesian fusion technique bft hybrid optimization algorithm combine grey wolf optimization gwo flower pollination algorithm fpa technique optimize performance solar panel photovoltaic pv system combination gwo fpa form ideal combination beneficial optimizing performance pv system determined work study real 6 6 pv array string irregular pv array configuration central parallel series pv string combination various partial shading pattern compared found effective reducing hotspot problem performance configuration different shading pattern compared analyzed different parameter like output power conversion effi ciency tracking efficiency article state influence partial darkening crucial point reduce sensitivity shading heaviness better understanding reader matlab simulink software used validate simulation result real time data overall article state bft efficient reliable approach improve efficiency pv system combining two optimization tech niques like gwo fpa hybrid algorithm article give clear insight researcher choosing bft gwo algorithm order decrease cost wastage energy achieving better solar panel performance
paper_1_abstract.txt,among carbon nanomaterials family fluorescent carbon dot emerged significant member among novel type nanomaterials many researcher introduced study property potential application carbon dot cd numerous outstanding characteristic remarkable photostability negligible cytotoxicity exceptional biocompatibility effortless surface modification remarkable chemical inertness result found extensive application various domain including limited cell imaging vivo imaging drug delivery fluorescence sensing photocatalysis production polychromatic light emitting diode led energy conversion storage etc recently many synthesis strategy carbon dot developed synthesize controlled way still challenging focus article provide overview advancement made production carbon dot particular attention given synthesis technique along discussion provide reference controllable synthesis method selection carbon dot
paper_49_abstract.txt,grid stability affected large scale utilisation renewable energy source fluctuation generation load issue effectively addressed grid scale battery energy storage system be respond quickly provide high energy density different role grid scale be power system addressed following optimal operation approach classification furthermore inte grating be distribution grid discussed manage challenge distributed generation be aid voltage control enhance frequency regulation offer black start service aggregating distributed be provide ancillary service improve grid economics consumer be optimise energy cost enhance reliability support self consumption renewables novel be service include congestion relief system adequacy power quality enhancement moreover ancillary service provided different european country be analysed finally case study conducted among three baltic dsos analyse required amendment grid code electricity market act integration grid scale be
paper_78_abstract.txt,abstract found
paper_38_abstract.txt,photovoltaic pv technology low carbon energy technology crucial mitigating climate change achieving sustainable development china largest total number pv technology patent world lack core technology restricted innovative development china pv industry therefore necessary clarify china current pv technology accumulation better catch key technology area clearly describe structural characteristic china pv technology innovation network study us china patent pv technology data past 20 year incopat global patent database analysis structural characteristic network perspective one mode two mode network using method social network analysis sna result show 1 leading pv enterprise basically formed relatively stable internal collaboration scale innovation network devel opment expanded rapidly strong stamen 2 development china pv industry many innovative pv technique developed leading enterprise field innovation research development r pv technology among patent applicant strong collaboration kinship collab oration investment relationship dominant 3 province participating pv technology innovation increasing significantly network influenced leading node eastern coastal province pioneer innovation r pv technology 4 pv technological innovation collaboration patent applicant city changed local collaboration cross regional collaboration high value area basically concentrated eastern coastal region china scattered spatial characteristic cross regional collaboration present triangular spatial structure yangtze river delta pearl river delta beijing tianjin hebei core conclusion provide patent information support scientific research energy conservation emission reduction achieve low carbon goal also provide reference policy formulation renewable energy development green development strategy
paper_48_abstract.txt,correlation economic expansion growth gdp climatic change extensively inves tigated within sustainability environmental energy economics numerous study explored rela tionship including bashir et al 2023 gu et al 2023 ali et al 2022 balsalobre lorente et al 2022 leitão et al 2021 significant interconnection two distinct category empirical research environmental kuznets curve ekc cause economy development experimental investiga tions provided explanation two relation ship examining variable including foreign direct investment fdi foreign trade renewable energy emission pollutant furthermore study implemented various nation region using various econometric methodology panel time series analysis contemporary time emerging economy intended achieve higher economic growth via foreign direct investment technological innovation however due increased environmental challenge economy adopting green energy key source environmental recovery net zero emission present study investigates influence fdi technological innovation green energy trade carbon emission brics economy 1990 2022 study also considers role economic expansion identifying environmental kuznets curve ekc using several panel diagnostic cointegration test study validates slope heterogeneity existence cointegration variable due non normal data dispersion study us novel moment quantile regression bootstrap quantile regression used robustness result examined asserted presence ekc hypothesis region initial growth enhances emission reaching threshold level emission level tends reduce environmental quality improves besides study observed foreign trade technological innovation key driver environmental degradation indicator significantly enhances pollution emission contrast foreign investment energy efficiency renewable electricity output renewable consumption signifi cantly improve environmental quality declining carbon emission following empirical result policy recommendation asserted enhanced investment renew able energy efficiency sector attracting foreign investment sustain able development
paper_7_abstract.txt,research explores effect green bond market resource efficiency across 12 actively involved asian economy 2015 2022 empirical result indicate positive connection green bond issuance resource efficiency suggesting 1 increase green bond corresponds significant short term 0 33 long term 0 43 improvement surprisingly negative relationship observed gdp growth resource efficiency implying economic expansion may contribute heightened resource consumption study highlight favorable impact renewable power generation resource efficiency driven sustainability renewable energy source nevertheless challenge arise poverty ratio consumer price index impeding adoption resource efficient technology furthermore cell phone penetration initially benefit resource efficiency negative correlation emerges long term due increased non renewable energy consumption light finding study recommends practical policy sustainable development including actively promoting green bond market targeted investment renewable energy initiative address economic disparity encouraging resource efficient practice
paper_39_abstract.txt,review compare global warming potential renewable hydrogen production technology including wind solar pv powered water electrolysis biomass gasification biogas reforming based 64 hydrogen production case compiled literature unlike many previous study review discus case various country selecting production technology potential commercialisation among four reviewed technology wind electrolysis performed best global warming impact 1 29 kg co2 eq kg h2 whereas biogas reforming technology performed worst 3 61 kg co2 eq kg h2 key factor contributed impact found material used construction wind solar electricity generation system wind solar pv powered electrolysis energy consumption gasification process biomass gasification methane leakage biogas production highest contribution impact biogas reforming case average renewable hydrogen case demonstrated 68 92 lower global warming potential compared conventional coal gasification natural gas steam methane reforming system increasing demand renewable hydrogen possibility hydrogen integrated existing natural gas network highlight important role renewable hydrogen production future
paper_79_abstract.txt,restructuring ubiquitous thermocatalysis pivotal importance identify real active site yet le explored electrocatalysis herein using operando x ray absorption spectroscopy conjunction advanced electron microscopy reveal restructuring synthesized cu n4 single atom site nanoparticles 5 nm electrochemical reduction nitrate ammonia green ammonia production route upon combined plasma assisted oxidation nitrogen reduction cu2 cu cu0 subsequent aggregation cu0 single atom found occur concurrently enhancement nh3 production rate driven applied potential switching 1 h 1 0 00 1 00 v versus rhe maximum production rate ammonia reach 4 5 mg cm 2 h 1 12 5 molnh3 gcu faradaic eﬃciency 84 7 1 00 v versus rhe outperforming cu catalyst reported previously electrolysis aggregated cu nanoparticles reversibly disintegrated single atom restored cu n4 structure upon exposed ambient atmosphere mask potential induced restructuring reaction synchronous change cu0 percentage ammonia faradaic eﬃciency applied potential suggests cu nanoparticles genuine active site nitrate reduction ammonia corroborated post deposited cu np catalyst density functional theory calculation
paper_21_abstract.txt,electrolyzers regenerative fuel cell sustainability solar pv system ever increasing energy demand depleting fossil fuel reserve rising temperature due greenhouse gas emission necessitated transition towards generation green clean energy renewable energy source solar energy one renewable energy source
paper_74_abstract.txt,forecasting performance energy yield photovoltaic pv farm crucial establishing economic sustainability newly installed system present study aim develop prediction model forecast installed pv system annual power generation yield performance ratio pr using three environmental input parameter solar irradiance wind speed ambient air temperature three data based artiﬁcial intelligence ai technique namely adaptive neuro fuzzy inference system anfis response surface methodology rsm artiﬁcial neural network ann employed model developed using three year data operational 2mwp solar pv project kuzhalmannam kerala state india statistical index pearson r coefﬁcient determination r2 root mean squared error rmse nash sutcliffe efﬁciency nsce mean absolute percentage error mape kling gupta efﬁciency kge taylor diagram correlation matrix used determine accurate prediction model result demonstrate anfis precise performance ratio prediction model r2 value 0 9830 rmse 0 6 envisaged forecast model would valuable tool policymakers solar energy researcher solar farm developer
paper_26_abstract.txt,wind speed major factor affect wind generation turn forecasting accuracy wind speed key wind power prediction paper wind speed forecasting method based improved empirical mode decomposition emd ga bp neural network proposed emd applied extensively analyzing nonlinear stochastic signal ensemble empirical mode decomposition eemd improved method emd effectively handle mode mixing problem decompose original data stationary signal different frequency signal taken input data ga bp neural network model ﬁnal forecasted wind speed data obtained aggregating predicted data individual signal case study wind farm inner mongolia china show proposed hybrid method much accurate traditional ga bp forecasting approach ga bp emd wavelet neural network method sensitivity analysis pa rameters seen appropriate setting parameter improve forecasting result simulation matlab show proposed method improve forecasting accuracy computational efﬁciency make suitable line ultra short term 10 min short term 1 h wind speed forecasting
paper_73_abstract.txt,battery growing increasingly promising next generation energy source power vehicle hybrid electric aircraft even grid scale energy storage development sensing system enhancing capability health monitoring battery management system bm become urgent task bm play vital role modern electric vehicle ev application battery performance management health diagnostics protection extreme condition illustrated figure 1 key functionality currently rely critically accurate measurement parameter voltage current temperature input cell state estimation algorithm model based estimator compute estimated capacity internal cell resistance cell state charge soc contribute estimation remaining energy power state health soh state life sol battery pack 1 therefore reliable accurate input measurement important affect estimation accuracy convergence rate bm algorithm contemporary bm common temperature sensing technology thermocouple micro thermistor combined voltage divider circuit 1 4 however sensor based electrical connection may suffer noise electromagnetic interference emi cannot integrated within highest value location cell structure result accuracy cell state estimation limited weakly informative parameter external academic editor francesco fienga
paper_33_abstract.txt,grid scale battery integration play important role renewable energy integration formation smart grid mitigate problem insufficient frequency response peak regulation capacity faced modern power grid high wind energy uptake day ahead optimization dispatch strategy considering operational risk proposed study day ahead dispatch model generation unit large scale battery energy storage station l be coordinated participate multi type frequency control ancillary service fcass optimal performance scheduling different timescales complementarity power energy type requirement coordinated various service uncertainty considered conditional value risk theory utilized achieve optimal mix multiple resource day ahead regulation reserve realize minimum operation cost tackle uncertainty wind power large timescale robust optimization ro approach based budget uncertainty set employed considers robustness economy help avoid conservation standard ro enhance applicability decision made simulation study comparison analysis multiple scheme verify effectiveness proposed optimal day ahead dispatch strategy also demonstrate l be participating multiple fcass day ahead dispatch help realize secure reliable economic power grid
paper_66_abstract.txt,new technology system societal organization policy energy saving urgently needed context accel erated climate change ukraine conflict past coronavirus disease 2019 pandemic instance concern market policy response could lead new lock in investing liquefied natural gas infrastructure using available fossil fuel compensate russian gas supply cut may hinder decarbonization effort review energy saving solution focus actual energy crisis green alternative fossil fuel heating energy saving building transportation artificial intelligence sustainable energy implication environment society green alternative include biomass boiler stove hybrid heat pump geothermal heating solar thermal system solar photovoltaics system electric boiler compressed natural gas hydrogen also detail case study germany planning 100 renewable energy switch 2050 developing storage compressed air china emphasis technical economic aspect global energy consumption 2020 30 01 industry 26 18 transport 22 08 residential sector 10 40 energy consumption reduced using renewable energy source passive design strategy smart grid analytics energy efficient building system intelligent energy monitoring electric vehicle offer highest cost per kilometer reduction 75 lowest energy loss 33 yet battery related issue cost weight challenging 5 30 energy saved using automated networked vehicle artificial intelligence show huge potential energy saving improving weather forecasting machine maintenance ena bling connectivity across home workplace transportation instance 18 97 42 60 energy consumption reduced building deep neural networking electricity sector artificial intelligence automate power generation distribution transmission operation balance grid without human intervention enable lightning speed trading arbitrage decision scale eliminate need manual adjustment end user
paper_34_abstract.txt,w e v e r h c r e e r institute fundamental frontier science university electronic science technology china chengdu 610054 sichuan china b college chemistry chemical engineering material science shandong normal university jinan 250014 shandong china c institute advanced study chengdu university chengdu 610106 sichuan china laoshan laboratory qingdao 266237 shandong china h2 sufﬁciently high energy density combustion process emits carbon therefore appealing storable alternative fossil fuel evident advantage seawater resource available worldwide electrochemically making h2 seawater hold great development prospect towards global deployment h2 based energy plant however current water splitting technology easy task primary obstacle impurity natural seawater including halide salt magnesium salt organic matter etc readily cause electrocatalysis system shut herein present timely review seawater electrolysis system lab scale fundamental research pilot scale reactor level basis representative study analyze crucial experimental detail frequently ignored seawater treatment product detection electrode assembly reactor electrolyte feeding mode etc systematically emphasize latest representative strategy catalytic material design well whether corresponding electrode genuinely stable two key quest ﬁnd truly reliable exploitable electrode engineering gas release behavior kinetics high reaction rate highlighted well addition introduce valuable content like learn ocean life electrocatalytic system design conclude taking look future research direction opportunity system technology encouraging practical application seawater electrolysis
paper_61_abstract.txt,shipping industry reached higher level maturity term knowledge awareness decarbonization challenge carbon free carbon neutralized green fuel green hydrogen green ammonia green methanol widely discussed however little attention paid green fuel pathway renewable energy shipping paper therefore provides review production method green power green hydrogen green ammonia green methanol analyzes potential green fuel application shipping review show potential production method green hydrogen green ammonia green methanol shipping industry 1 hydrogen production seawater electrolysis using green power 2 ammonia production green hydrogen haber bosch process 3 methanol production co2 using green power future green fuel bright short term cost expected higher conventional fuel recommendation therefore follows improve green power production technology reduce production cost develop electrochemical fuel production technology increase efﬁciency green fuel production explore new technology strengthening research development renewable energy green fuel production technology expanding fuel production capacity ensure adequate supply low zero emission marine fuel important factor achieve carbon reduction shipping
paper_57_abstract.txt,increasing demand renewable energy substitute traditional fossil fuel related large scale energy storage system ee drive development battery technology application today lithium ion battery lib trendsetter rechargeable battery dominated market portable electronics electric vehicle seeking participant opportunity grid scale battery market however growing concern regarding cost resource availability lithium sodium ion battery sib regarded ideal battery choice grid scale ee owing similar electrochemistry lib crust abundance na resource participation frequency regulation high pulse power capability essential implanted sib ee herein comprehensive overview recent advance exploration high power cathode anode material sib presented deep understanding inherent host structure sodium storage mechanism na diffusion kinetics together promising strategy promote rate performance provided work may shed light classification screening alternative high rate electrode material provide guidance design application high power sib future
paper_50_abstract.txt,iodide redox reaction molten nai alcl3 shown generate surface blocking ﬁlms may limit useful cycling rate energy density molten sodium battery 150 c experimental investigation electrode interfacial stability 110 c reveals source reaction rate limitation electrochemical experiment 3 electrode conﬁguration conﬁrm increase resistance electrode surface oxidation reduction current passed using chronopotentiometry chronoamperometry cyclic voltammetry electrochemical impedance spectroscopy ﬁlm formation shown depend molten salt electrode material w mo ta glassy carbon well lewis acidity molar ratio i3 electrolyte factor impact amount charge passed given current density prior developing excessive overpotential due ﬁlm formation block electrode surface result presented guide design use iodide based molten salt electrolyte electrode material grid scale battery application
paper_10_abstract.txt,r c l e n f b r c
paper_45_abstract.txt,water electrolysis expected assimilate renewable yet intermediate energy derived electricity green h2 production however current benchmark anodic catalyst ir ru based compound suﬀer severely poor dissolution resistance herein eﬀective modiﬁcation strategy proposed arming sub nanometer ruo2 skin abundant oxygen vacancy interconnected ru cluster carbon hybrid microsheet denoted ru v ruo2 c hm inherit high hydrogen evolution reaction activity ru importantly activate superior activity toward oxygen evolution reaction oer acid alkaline condition outstandingly achieve ultralow overpotential 176 201 mv oer 46 6 mv reach 10 cm 2 acidic alkaline solution respectively inspiringly overall water splitting driven ultrasmall cell voltage 1 467 1 437 v 10 cm 2 0 5 h2so4 1 0 koh respectively density functional theory calculation reveal armoring oxygen vacancy enriched ruo2 exoskeleton cooperatively alter interfacial electronic structure make adsorption behavior hydrogen oxygen intermediate much close ideal level thus simultaneously speeding hydrogen evolution kinetics decreasing energy barrier oxygen release
paper_17_abstract.txt,ammonia synthesis plasma sustainability carbon free molecule ammonia gained great global interest considered signiﬁcant future candidate transition toward renewable energy numerous appli cation ammonia fuel developed energy generation heavy trans portation clean distributed energy storage clear global target achieve sustainable economy carbon neutrality therefore research effort concentrated generating cost effective renewable energy large scale rather fossil fuel however storage transportation still roadblock technology example hydrogen technology ammonia could replaced viable fuel clean sustainable future global energy effort government scientist lead making ammonia clean energy vector energy application review ammonia synthesis assessed including conventional haberebosch technology current hydrogen technology key parameter ammonia generation also evaluated role ammonia hydrogen based fuel generation roadmap discussed future utilization energy mix ammonia generation process addressed depth including blue green ammonia generation survey ammonia synthesis cat alytic material conducted role catalyst material ammonia generation compared showed ru based catalyst generated maximum ammonia 20 h starting experiment end use plan using ammonia clean energy fuel vehicle marine gas turbine well fuel cell brieﬂy discussed recognize potential application ammonia use practical future end use vision energy source proposed achieve great beneﬁts low carbon emission cost review provide prospective knowledge large scale aspect environmental consideration ammonia herein conclude ammonia become clean energy carrier link achieve global energy economy sustainability target
paper_42_abstract.txt,growth battery energy storage system be caused variability intermittent nature high demand renewable power generation network scale context be lithium ion li ion battery occupies crucial position although faced challenge related performance battery degra dation time due electrochemical process battery degradation crucial factor account based potential diminish efficiency safety electrical system equipment thereby contributing increased system planning cost implies health battery need diagnosed particularly determining remaining useful life rul avoid unexpected operational cost ensure system safety therefore study aimed use machine learning model specifically extreme gradient boosting xgboost algorithm estimate rul focus temperature variable aspect previously underemphasized utilizing xgboost model along fine tuning hyperparameters proved accurate efficient method predicting rul evaluation model yielded promising outcome root mean square error rmse 90 1 mean absolute percentage error mape 7 5 additionally result showed model could improve rul prediction battery within be study signif icantly contributed optimizing planning operation be well developing efficient effective maintenance strategy
paper_60_abstract.txt,work deal novel voltage sensorless based model predictive control vspc scheme continuous quick maximum power harvesting mph photo voltaic pv array solar powered board electric vehicle ev charging system vspc ﬁrst model predictive control mpc used pv array predict system state horizon time eliminate voltage sensor adaptive concept used deciding operating point accelerates tracking process improves dynamic performance irradiation change shading pattern change partially shaded condition moreover vspc also take care ev charging process using ev provided battery management system bm command threshold safety limit ev battery working principle vspc based prediction future behavior system realizes selected time horizon arbitrary number sample decided according complexity ﬁtness function order minimize maximize ﬁtness function predicts voltage solar pv array well tune present control signal force converge reach convergence criterion moreover cost response time current sensor lower voltage sensor therefore vspc control give fast response low power oscillation steady state compared conventional technique control technique veriﬁed developed prototype pv system different shading irradiance condition well system stability analyzed bode plot system performance also compared state art method
paper_35_abstract.txt,hydrogen peroxide h2o2 environmentally friendly versatile oxidant used chemical industry medical energy environmental field photocatalytic h2o2 production sustainable safe green process however high recombination electron hole pair low visible light utilization poor product selectivity still limit practical application photocatalytic h2o2 production previous review photocatalytic h2o2 generation focus photocatalysts le design strategy photo catalytic system stem critical step involving photocatalytic process e light absorption charge separation surface redox reaction point review review article introduces strategy improving h2o2 production efficiency based three critical process moreover environmental application photocatalytic h2o2 generation including disinfection pollutant degra dation discussed challenge prospect photocatalytic h2o2 production future environ mental application also envisioned
paper_67_abstract.txt,green nanotechnology emerging field science focus production nanoparticles living cell biological pathway topic play extremely imperative responsibility various field including pharmaceutical nuclear energy fuel energy electronics bioengineering biological process green synthesis tool suitable develop nanoparticles ranging 1 100 nm compared related method owing safety eco friendliness non toxicity cost effectiveness particular metal nanoparticles synthesized top bottom approach various technique like physical chemical biological method characterization vital confirmation nanoparticle trait done various instrumentation analysis uv vi spectro photometry uv vi fourier transform infrared spectroscopy ft ir scanning electron microscope sem transmis sion electron microscopy tem x ray diffraction xrd atomic force microscopy afm annular dark field imaging haadf intracranial pressure icp review provide especially information green synthesized metal nanoparticles helpful improve biomedical environmental application particular method condition plant based synthesis characterization technique application green silver gold iron selenium copper nanoparticles overviewed
paper_32_abstract.txt,hydrogen energy garnered substantial support industry government public positioning pivotal future fuel source however commercial realisation face significant hurdle including slow infra structure growth high cost producing clean hydrogen review uniquely emphasis different colour code hydrogen rarely discussed literature date hydrogen production method classified colour code green hydrogen produced renewable source wind solar desirable option demand green hydrogen across various sector expected surge review comprehensively evaluates major hydrogen production method based cost envi ronmental impact technological maturity recent data confirm increased efficiency cost competitiveness scalability green hydrogen production technology cost green hydrogen declined significantly making competitive blue hydrogen produced fossil fuel carbon cap ture review also scrutinises several recent hydrogen production technology highlighting advan tages disadvantage technological readiness among solid oxide electrolysis cell soec currently outperforms others anion exchange membrane aem electrified steam methane reforming esmr also showing promise review also succinctly summarises global progress hydrogen infrastructure policy spotlighting diverse colour code hydrogen discussing crucial takeaway impli cation future review offer comprehensive overview hydrogen energy landscape unique focus enriches literature enhances understanding hydrogen promising energy source
paper_72_abstract.txt,discovery earth abundant electrocatalysts replace iridium oxygen evolution reaction oer proton exchange membrane water electrolyzer pemwe represents critical step reducing cost green hydrogen production report nanofibrous cobalt spinel catalyst codoped lanthanum la manganese mn prepared zeolitic imidazolate framework embedded electrospun polymer fiber catalyst demonstrated low overpotential 353 millivolt 10 milliampere per square centimeter low degradation oer 360 hour acidic electrolyte pemwe containing catalyst anode demonstrated current density 2000 milliampere per square centimeter 2 47 volt nafion 115 membrane 4000 milliampere per square centimeter 3 00 volt nafion 212 membrane low degradation accelerated stress test
paper_27_abstract.txt,output meteorological reanalyses used extensively academia industry modelling wind power recently ﬁrst batch new era5 reanalysis released main purpose paper compare performance era5 merra 2 commonly used reanalysis today term modelling aggregated wind generation ﬁve different country ii generation 1051 individual wind turbine sweden modelled wind power generation compared measure ments conclusion era5 performs better merra 2 analysed aspect correlation higher mean absolute root mean square error average around 20 lower distribution hourly data change hourly data similar measurement also shown uncertainty related long term correction using one year measurement reanalysis data predict energy production remaining 1e5 year 20 lower era5 fact using one year sample data era5 give slightly accurate estimate using two year sample data merra 2 additionally new metric quantifying system size dispersion wind farm proposed
paper_75_abstract.txt,past decade energy demand witnessed drastic increase mainly due huge development industry sector growing population led global utilization renewable energy resource technology meet high demand fossil fuel bound end causing harm environment solar pv photovoltaic system renewable energy technology allows utilization solar energy directly sun meet electricity demand solar pv potential create reliable clean stable energy system future paper discus different type generation solar pv technology available well several important application solar pv system large scale solar pv residential solar pv green hydrogen water desalination transportation paper also provides research number solar paper application relate sustainable development goal sdgs year 2011 2021 total 126 513 paper analyzed result show 72 paper within sdg 7 affordable clean energy show lack research solar energy regarding sdgs especially sdg 1 poverty sdg 4 quality education sdg 5 gender equality sdg 9 industry innovation infrastructure sdg 10 reduced inequality sdg 16 peace justice strong institution research needed ﬁelds create sustainable world solar pv technology
paper_20_abstract.txt,wind energy water electrolysis green ammonia green hydrogen seawater desalination must transported export harbor south iran comparison base case also considered next export harbor normal solar wind potential distance export harbor second step similar large scale hydrogen pro duction facility proton exchange membrane electrolyzers modeled location using homer pro simulation platform next step produced hydrogen nitrogen obtained air separation unit supplied haber bosch process synthesize ammonia hydrogen carrier since water electrolysis quire considerable amount water speciﬁc quality iran suffers water scarcity paper unlike many similar research study address challenge associated water supply system hydrogen production process gard fourth step study assumed seawater nearest sea treated desalination plant sent site location finally since study tends evaluate possibility green hydrogen export iran detailed piping model transportation water hydrogen ammonia production site export harbor created last step considers real rout using
paper_43_abstract.txt,nuclear reactor variable renewables play significant role global energy transition provider low carbon electricity various end use sector real time balancing power demand supply without modulation curtailment possible using electrolytic hydrogen plant energy storage system gen eration mix adopted load profile unique country study considers specific case india work analysis use grid connected water electrolysers grid scale battery storage hydrogen storage fuel cell flexible load dispatch scheme grid balancing based postulated long term power gen eration scenario india minimum required system size grid balancing estimated techno economic uncertainty assessed use water electrolysers prioritized make use excess power minimizing battery storage requirement scheme potentially produce substantial share low carbon hydrogen india use industrial decarbonization thus reducing need additional generation infrastructure
paper_16_abstract.txt,cost investigation environmental analysis vehicle deployment due increasing greenhouse gas emission well due rapidly increasing use renewable energy source electricity generation last year interest hydrogen rising hydrogen used storage renewable energy balancing whole energy system contributing decarbonization energy system especially industry transport sector major objective paper discus various way hydrogen production depending primary energy source used moreover economic environ mental performance three major hydrogen color well major barrier faster deployment fuel cell vehicle analyzed major conclusion full environmental beneﬁts hydrogen use highly dependent hydrogen production method primary source used green hydrogen electricity wind pv hydro truly low emission source like blue hydrogen ccus electrolysis using electricity grid sub stantially higher emission coming close grey hydrogen production another conclusion important introduce international market hydrogen lower cost produce hydrogen condition best finally major open question remaining whether e including external cost energy carrier hydrogen color may become economically competitive sector energy system future success hydrogen dependent tech nological development resulting cost reduction well future priority corresponding policy framework policy framework support shift grey green hydrogen
paper_44_abstract.txt,demand electrochemical energy storage technology rapidly increasing due proliferation renewable energy source emerging market grid scale battery application property battery ideal electrical energy storage ee need yet faced resource constraint ability current lithium ion battery libs match overwhelming demand uncertain sodium ion battery sib novel class battery similar performance characteristic libs since composed earth abundant element cheaper utility scale battery module assembled result learning curve lib technology phenomenal progression material development realized sib technology review innovative strategy used sib material development electrochemical property anode cathode electrolyte combination elucidated attractive performance characteristic herein evidenced based comparative gravimetric volumetric energy density state art libs addition opportunity challenge toward commercialization herein discussed based patent data trend analysis extensive industrial adaptation expected commercial prospect sib look promising discarded technology set play major role ee application
paper_11_abstract.txt,study evaluates generation transmission storage capacity need achieve deep renewable energy penetration regional electricity grid average load approximately 20 gw increasing renewable energy target analyzed evaluate effect realistic regional transmission upgrade energy storage cost assumption cost optimal mix generation transmission storage capacity contextual data used new york state grid examine electricity generation renewable energy resource wind water solar power meet 50 80 electricity demand central finding study realistic transmission upgrade cost assumed new interzonal transmission battery storage needed cost effectively meet near term renewable energy goal fact new york achieve 50 renewable energy penetration buildout new generation capacity onshore wind 13 7 gw shore wind 4 1 gw solar photovoltaics 3 gw presence grid scale battery storage electric hicles additional behind meter solar capacity markedly change model selected generation mix achieve 50 target compute 52 mwh levelized cost electricity new renewable energy line current generation cost renewable generation target increase beyond 50 model begin select transmission upgrade new storage capacity latter particularly battery cost continue decline anticipated deeper target marginal generation capacity would otherwise experience high curtailment primarily due supply demand imbalance calculate value energy storage 65 renewable energy penetration level 2 5 3 time higher value 50 level however additional storage generation trans mission lesser degree needed achieve longer term renewable energy goal lead substantial rise total investment 50 55 target computed marginal levelized cost electricity new variable renewable energy 94 mwh compared 592 mwh 75 80 suggesting alternative integration measure likely necessary high penetration rate note variable indexed r vary region variable indexed
paper_51_abstract.txt,current error hard avoid ﬁnite control set model predictive current control fcs mpcc nine phase open end winding permanent magnet syn chronous motor overcome problem online vir tual voltage vector v3 synthesis strategy proposed article first group v3 without harmonic voltage component designed basic vector online synthesis two adjacent basic v3 zero vector used synthesize new v3 output arbi trary amplitude phase angle fundamental space two basic v3 directly selected located sector predicted reference voltage vector rvv duration ratio simply calculated according angle rvv sector way zero error realized new v3 rvv moreover online pulse generation algorithm corresponding new v3 proposed calculate symmetrical pulse sequence real time multiphase ow drive system without space vector modulator finally exper imental result veriﬁed effectiveness superi ority proposed strategy comparison existing fcs mpcc multiphase ow motor drive system
paper_56_abstract.txt,microgrid key enabling solution future smart grid integrating distributed renewable generator stor age system efﬁciently serve local demand however due random intermittent characteristic renewable energy new challenge arise reliable operation microgrids address issue study paper real time energy management single microgrid system constitutes renewable generation system energy storage system aggregated load model renewable energy offset load time termed net energy proﬁle practically predictable ﬁnite error arbitrarily dis tributed aim minimize total energy cost modeled sum time varying strictly convex function conven tional energy drawn main grid ﬁnite horizon jointly optimizing energy charged discharged storage system time subject practical load storage constraint solve problem real time propose new line optimization approach devise online algorithm approach ﬁrst assume net energy proﬁle perfectly predicted known ahead time derive optimal line energy scheduling solution closed form next inspired optimal line solution propose sliding window based online algorithm real time energy management practical setup noisy predicted net energy proﬁle arbitrary error finally conduct simula tions based real wind generation data ireland power system evaluate performance proposed algorithm compared heuristically designed algorithm well conventional dynamic programming based solution
